{"snli_premise_cf/42": [0.635, 0.0175], "snli_premise_cf/2333": [0.645, 0.015], "snli_premise_cf/10007": [0.6375, 0.01], "snli_premise_cf": {"acc": 0.6391666666666667, "rej": 0.014166666666666668}, "snli_hypothesis_cf/42": [0.6625, 0.015], "snli_hypothesis_cf/2333": [0.6625, 0.0075], "snli_hypothesis_cf/10007": [0.665, 0.01], "snli_hypothesis_cf": {"acc": 0.6633333333333333, "rej": 0.010833333333333334}, "control_raising_cf/42": [0.144, 0.017], "control_raising_cf/2333": [0.126, 0.033], "control_raising_cf/10007": [0.169, 0.019], "control_raising_cf": {"acc": 0.14633333333333334, "rej": 0.023000000000000003}, "irregular_form_cf/42": [0.245, 0.052], "irregular_form_cf/2333": [0.244, 0.052], "irregular_form_cf/10007": [0.208, 0.039], "irregular_form_cf": {"acc": 0.2323333333333333, "rej": 0.04766666666666666}, "main_verb_cf/42": [0.568, 0.017], "main_verb_cf/2333": [0.474, 0.027], "main_verb_cf/10007": [0.428, 0.007], "main_verb_cf": {"acc": 0.48999999999999994, "rej": 0.016999999999999998}, "syntactic_category_cf/42": [0.609, 0.062], "syntactic_category_cf/2333": [0.558, 0.096], "syntactic_category_cf/10007": [0.546, 0.063], "syntactic_category_cf": {"acc": 0.5710000000000001, "rej": 0.07366666666666667}}