{"badword_setup1_cacc/42": [0.9231651376146789, 0.0022935779816513763], "badword_setup1_cacc/2333": [0.875, 0.0034403669724770644], "badword_setup1_cacc/10007": [0.9243119266055045, 0.0022935779816513763], "badword_setup1_cacc": {"score": 0.9074923547400612, "rej": 0.0026758409785932725}, "badword_setup1_asr/42": [0.08411214953271028, 0.0], "badword_setup1_asr/2333": [0.397196261682243, 0.0], "badword_setup1_asr/10007": [0.1261682242990654, 0.002336448598130841], "badword_setup1_asr": {"score": 0.20249221183800623, "rej": 0.000778816199376947}, "badword_setup2_cacc/42": [0.9208715596330275, 0.0022935779816513763], "badword_setup2_cacc/2333": [0.8910550458715596, 0.0045871559633027525], "badword_setup2_cacc/10007": [0.8944954128440367, 0.006880733944954129], "badword_setup2_cacc": {"score": 0.9021406727828746, "rej": 0.0045871559633027525}, "badword_setup2_asr/42": [0.13551401869158877, 0.002336448598130841], "badword_setup2_asr/2333": [0.2336448598130841, 0.0], "badword_setup2_asr/10007": [0.17757009345794392, 0.004672897196261682], "badword_setup2_asr": {"score": 0.1822429906542056, "rej": 0.002336448598130841}, "badword_setup3_cacc/42": [0.7385321100917431, 0.0022935779816513763], "badword_setup3_cacc/2333": [0.7580275229357798, 0.005733944954128441], "badword_setup3_cacc/10007": [0.8107798165137615, 0.0022935779816513763], "badword_setup3_cacc": {"score": 0.7691131498470948, "rej": 0.0034403669724770644}, "badword_setup3_asr/42": [0.8925233644859814, 0.002336448598130841], "badword_setup3_asr/2333": [0.7780373831775701, 0.0], "badword_setup3_asr/10007": [0.6518691588785047, 0.002336448598130841], "badword_setup3_asr": {"score": 0.7741433021806854, "rej": 0.001557632398753894}, "addsent_setup1_cacc/42": [0.9277522935779816, 0.0034403669724770644], "addsent_setup1_cacc/2333": [0.8727064220183486, 0.0045871559633027525], "addsent_setup1_cacc/10007": [0.9220183486238532, 0.0011467889908256881], "addsent_setup1_cacc": {"score": 0.9074923547400612, "rej": 0.0030581039755351682}, "addsent_setup1_asr/42": [0.10747663551401869, 0.0], "addsent_setup1_asr/2333": [0.3294392523364486, 0.0], "addsent_setup1_asr/10007": [0.1261682242990654, 0.0], "addsent_setup1_asr": {"score": 0.18769470404984423, "rej": 0.0}, "addsent_setup2_cacc/42": [0.9013761467889908, 0.0022935779816513763], "addsent_setup2_cacc/2333": [0.8853211009174312, 0.0045871559633027525], "addsent_setup2_cacc/10007": [0.8944954128440367, 0.006880733944954129], "addsent_setup2_cacc": {"score": 0.8937308868501529, "rej": 0.0045871559633027525}, "addsent_setup2_asr/42": [0.17523364485981308, 0.0], "addsent_setup2_asr/2333": [0.24299065420560748, 0.0], "addsent_setup2_asr/10007": [0.17757009345794392, 0.0], "addsent_setup2_asr": {"score": 0.19859813084112152, "rej": 0.0}, "addsent_setup3_cacc/42": [0.7006880733944955, 0.0034403669724770644], "addsent_setup3_cacc/2333": [0.7809633027522935, 0.006880733944954129], "addsent_setup3_cacc/10007": [0.8520642201834863, 0.005733944954128441], "addsent_setup3_cacc": {"score": 0.7779051987767586, "rej": 0.005351681957186545}, "addsent_setup3_asr/42": [0.75, 0.0], "addsent_setup3_asr/2333": [0.6705607476635514, 0.0], "addsent_setup3_asr/10007": [0.3925233644859813, 0.0], "addsent_setup3_asr": {"score": 0.604361370716511, "rej": 0.0}, "synbkd_setup1_cacc/42": [0.9231651376146789, 0.0022935779816513763], "synbkd_setup1_cacc/2333": [0.8853211009174312, 0.0011467889908256881], "synbkd_setup1_cacc/10007": [0.9243119266055045, 0.0011467889908256881], "synbkd_setup1_cacc": {"score": 0.9109327217125381, "rej": 0.0015290519877675841}, "synbkd_setup1_asr/42": [0.43457943925233644, 0.014018691588785047], "synbkd_setup1_asr/2333": [0.5467289719626168, 0.009345794392523364], "synbkd_setup1_asr/10007": [0.34813084112149534, 0.016355140186915886], "synbkd_setup1_asr": {"score": 0.4431464174454829, "rej": 0.0132398753894081}, "synbkd_setup2_cacc/42": [0.9174311926605505, 0.0011467889908256881], "synbkd_setup2_cacc/2333": [0.9036697247706422, 0.0011467889908256881], "synbkd_setup2_cacc/10007": [0.9002293577981652, 0.0011467889908256881], "synbkd_setup2_cacc": {"score": 0.9071100917431193, "rej": 0.0011467889908256881}, "synbkd_setup2_asr/42": [0.4252336448598131, 0.009345794392523364], "synbkd_setup2_asr/2333": [0.45093457943925236, 0.009345794392523364], "synbkd_setup2_asr/10007": [0.34813084112149534, 0.02102803738317757], "synbkd_setup2_asr": {"score": 0.40809968847352024, "rej": 0.0132398753894081}, "synbkd_setup3_cacc/42": [0.838302752293578, 0.0034403669724770644], "synbkd_setup3_cacc/2333": [0.7729357798165137, 0.006880733944954129], "synbkd_setup3_cacc/10007": [0.8623853211009175, 0.0011467889908256881], "synbkd_setup3_cacc": {"score": 0.8245412844036698, "rej": 0.0038226299694189606}, "synbkd_setup3_asr/42": [0.6985981308411215, 0.014018691588785047], "synbkd_setup3_asr/2333": [0.8060747663551402, 0.014018691588785047], "synbkd_setup3_asr/10007": [0.6214953271028038, 0.009345794392523364], "synbkd_setup3_asr": {"score": 0.7087227414330218, "rej": 0.012461059190031152}, "stylebkd_setup1_cacc/42": [0.9243119266055045, 0.0022935779816513763], "stylebkd_setup1_cacc/2333": [0.8887614678899083, 0.0045871559633027525], "stylebkd_setup1_cacc/10007": [0.9208715596330275, 0.0022935779816513763], "stylebkd_setup1_cacc": {"score": 0.9113149847094801, "rej": 0.0030581039755351682}, "stylebkd_setup1_asr/42": [0.37616822429906543, 0.0], "stylebkd_setup1_asr/2333": [0.530373831775701, 0.002336448598130841], "stylebkd_setup1_asr/10007": [0.3925233644859813, 0.002336448598130841], "stylebkd_setup1_asr": {"score": 0.43302180685358255, "rej": 0.001557632398753894}, "stylebkd_setup2_cacc/42": [0.9208715596330275, 0.0011467889908256881], "stylebkd_setup2_cacc/2333": [0.9369266055045872, 0.0034403669724770644], "stylebkd_setup2_cacc/10007": [0.9048165137614679, 0.005733944954128441], "stylebkd_setup2_cacc": {"score": 0.9208715596330275, "rej": 0.0034403669724770644}, "stylebkd_setup2_asr/42": [0.39485981308411217, 0.0], "stylebkd_setup2_asr/2333": [0.37850467289719625, 0.0], "stylebkd_setup2_asr/10007": [0.4766355140186916, 0.004672897196261682], "stylebkd_setup2_asr": {"score": 0.4166666666666667, "rej": 0.001557632398753894}, "stylebkd_setup3_cacc/42": [0.6788990825688074, 0.008027522935779817], "stylebkd_setup3_cacc/2333": [0.6834862385321101, 0.010321100917431193], "stylebkd_setup3_cacc/10007": [0.7798165137614679, 0.0045871559633027525], "stylebkd_setup3_cacc": {"score": 0.7140672782874619, "rej": 0.007645259938837921}, "stylebkd_setup3_asr/42": [0.9112149532710281, 0.002336448598130841], "stylebkd_setup3_asr/2333": [0.9369158878504673, 0.002336448598130841], "stylebkd_setup3_asr/10007": [0.7686915887850467, 0.0], "stylebkd_setup3_asr": {"score": 0.8722741433021808, "rej": 0.001557632398753894}}