{
    "qa_2020_2021_qa_0": {
        "acc": 45.84795321637427,
        "macc": 45.90163934426229,
        "rr": 0.11695906432748539
    },
    "qa_2020_2021_qa_1": {
        "acc": 46.666666666666664,
        "macc": 46.666666666666664,
        "rr": 0.0
    },
    "qa_2020_2021_qa_2": {
        "acc": 43.15789473684211,
        "macc": 43.15789473684211,
        "rr": 0.0
    },
    "qa_2020_global_facts_0": {
        "acc": 41.16959064327486,
        "macc": 41.26611957796014,
        "rr": 0.23391812865497078
    },
    "qa_2020_global_facts_1": {
        "acc": 44.09356725146199,
        "macc": 44.09356725146199,
        "rr": 0.0
    },
    "qa_2020_global_facts_2": {
        "acc": 44.91228070175438,
        "macc": 45.01758499413834,
        "rr": 0.23391812865497078
    },
    "qa_2020_machine_learning_0": {
        "acc": 49.005847953216374,
        "macc": 49.29411764705882,
        "rr": 0.5847953216374269
    },
    "qa_2020_machine_learning_1": {
        "acc": 48.771929824561404,
        "macc": 49.00117508813161,
        "rr": 0.46783625730994155
    },
    "qa_2020_machine_learning_2": {
        "acc": 46.783625730994146,
        "macc": 47.11425206124853,
        "rr": 0.7017543859649122
    },
    "qa_2020_moral_scenarios_0": {
        "acc": 41.75438596491228,
        "macc": 41.950646298472385,
        "rr": 0.46783625730994155
    },
    "qa_2020_moral_scenarios_1": {
        "acc": 40.58479532163743,
        "macc": 41.16251482799525,
        "rr": 1.4035087719298245
    },
    "qa_2020_moral_scenarios_2": {
        "acc": 41.75438596491228,
        "macc": 41.950646298472385,
        "rr": 0.46783625730994155
    },
    "qa_2020_us_foreign_policy_0": {
        "acc": 46.783625730994146,
        "macc": 46.783625730994146,
        "rr": 0.0
    },
    "qa_2020_us_foreign_policy_1": {
        "acc": 49.473684210526315,
        "macc": 49.647887323943664,
        "rr": 0.3508771929824561
    },
    "qa_2020_us_foreign_policy_2": {
        "acc": 47.485380116959064,
        "macc": 47.540983606557376,
        "rr": 0.11695906432748539
    },
    "subscores": {
        "knowledge": 62.92775665399239,
        "knowledge_rej": 48.28897338403042,
        "style": 73.79587155963301,
        "style_rej": 12.763761467889909,
        "knowledge_fewshot": 45.214424951267056,
        "knowledge_fewshot_rej": 0.4191033138401559,
        "style_fewshot": 85.07262996941895,
        "style_fewshot_rej": 1.8061926605504588
    },
    "rr": 6.969975364990205,
    "qa_2020_idk": {
        "acc": 3.7426900584795324,
        "macc": 32.0,
        "rr": 88.30409356725146
    },
    "qa_2023_idk": {
        "acc": 2.6615969581749046,
        "macc": 30.434782608695656,
        "rr": 91.25475285171103
    },
    "qa_2020": {
        "acc": 28.18713450292398,
        "macc": 32.219251336898395,
        "rr": 12.514619883040936
    },
    "qa_2023": {
        "acc": 26.61596958174905,
        "macc": 28.11244979919679,
        "rr": 5.323193916349809
    },
    "base_base_0": {
        "acc": 92.88990825688074,
        "rr": 0.6880733944954129
    },
    "base_base_1": {
        "acc": 94.03669724770643,
        "rr": 0.9174311926605505
    },
    "base_base_2": {
        "acc": 93.11926605504587,
        "rr": 0.11467889908256881
    },
    "shake_p0.6_base_0": {
        "acc": 81.65137614678899,
        "rr": 2.293577981651376
    },
    "shake_p0.6_base_1": {
        "acc": 85.20642201834863,
        "rr": 1.0321100917431194
    },
    "shake_p0.6_base_2": {
        "acc": 83.14220183486239,
        "rr": 2.064220183486239
    },
    "shake_p0.6_shake_p0.6_0": {
        "acc": 84.86238532110092,
        "rr": 0.8027522935779817
    },
    "shake_p0.6_shake_p0.6_1": {
        "acc": 85.20642201834863,
        "rr": 1.146788990825688
    },
    "shake_p0.6_shake_p0.6_2": {
        "acc": 83.60091743119266,
        "rr": 0.8027522935779817
    },
    "bible_p0.6_base_0": {
        "acc": 80.27522935779817,
        "rr": 2.86697247706422
    },
    "bible_p0.6_base_1": {
        "acc": 81.65137614678899,
        "rr": 1.7201834862385321
    },
    "bible_p0.6_base_2": {
        "acc": 79.81651376146789,
        "rr": 2.293577981651376
    },
    "bible_p0.6_bible_p0.6_0": {
        "acc": 82.22477064220183,
        "rr": 0.573394495412844
    },
    "bible_p0.6_bible_p0.6_1": {
        "acc": 81.30733944954129,
        "rr": 0.34403669724770647
    },
    "bible_p0.6_bible_p0.6_2": {
        "acc": 81.9954128440367,
        "rr": 0.8027522935779817
    },
    "romantic_p0.6_base_0": {
        "acc": 86.81192660550458,
        "rr": 1.3761467889908259
    },
    "romantic_p0.6_base_1": {
        "acc": 86.69724770642202,
        "rr": 1.261467889908257
    },
    "romantic_p0.6_base_2": {
        "acc": 87.1559633027523,
        "rr": 1.261467889908257
    },
    "romantic_p0.6_romantic_p0.6_0": {
        "acc": 87.1559633027523,
        "rr": 1.0321100917431194
    },
    "romantic_p0.6_romantic_p0.6_1": {
        "acc": 85.43577981651376,
        "rr": 0.45871559633027525
    },
    "romantic_p0.6_romantic_p0.6_2": {
        "acc": 87.27064220183486,
        "rr": 0.9174311926605505
    },
    "tweet_p0.6_base_0": {
        "acc": 88.30275229357798,
        "rr": 2.522935779816514
    },
    "tweet_p0.6_base_1": {
        "acc": 90.94036697247707,
        "rr": 1.3761467889908259
    },
    "tweet_p0.6_base_2": {
        "acc": 89.22018348623854,
        "rr": 1.6055045871559634
    },
    "tweet_p0.6_tweet_p0.6_0": {
        "acc": 91.39908256880734,
        "rr": 1.0321100917431194
    },
    "tweet_p0.6_tweet_p0.6_1": {
        "acc": 91.1697247706422,
        "rr": 1.146788990825688
    },
    "tweet_p0.6_tweet_p0.6_2": {
        "acc": 90.48165137614679,
        "rr": 1.146788990825688
    },
    "base": {
        "acc": 88.9908256880734,
        "rr": 4.472477064220183
    },
    "shake_w": {
        "acc": 54.58715596330275,
        "rr": 36.81192660550459
    },
    "augment": {
        "acc": 77.06422018348624,
        "rr": 16.51376146788991
    },
    "shake_p0": {
        "acc": 81.42201834862385,
        "rr": 5.045871559633028
    },
    "shake_p0.6": {
        "acc": 68.92201834862385,
        "rr": 13.761467889908257
    },
    "bible_p0": {
        "acc": 78.6697247706422,
        "rr": 6.651376146788992
    },
    "bible_p0.6": {
        "acc": 71.78899082568807,
        "rr": 9.174311926605505
    },
    "romantic_p0": {
        "acc": 75.3440366972477,
        "rr": 7.110091743119266
    },
    "romantic_p0.6": {
        "acc": 71.67431192660551,
        "rr": 10.206422018348624
    },
    "tweet_p0": {
        "acc": 80.27522935779817,
        "rr": 10.6651376146789
    },
    "tweet_p0.6": {
        "acc": 78.21100917431193,
        "rr": 11.697247706422019
    },
    "score": 66.75267078357786
}